Date,hold_cash,redeploy,redeploy_vm,raw
2001,1.76,1.76,1.76,1.76
2002,-1.88,-1.88,-1.2,-11.54
2003,6.83,6.83,4.92,37.72
2004,-0.06,0.05,0.17,-0.52
2005,4.4,2.75,2.65,12.74
2006,5.74,4.95,4.7,6.75
2007,11.09,12.05,9.84,4.05
2008,21.36,28.6,20.49,63.64
2009,9.86,12.32,8.77,4.67
2010,17.29,21.72,15.26,15.9
2011,11.26,6.38,4.52,25.04
2012,-0.08,0.64,0.33,-0.71
2013,0.54,7.3,5.08,-0.36
2014,1.68,5.53,3.8,4.27
2015,2.66,-1.56,-1.33,1.88
2016,-1.38,-3.17,-2.4,-5.7
2017,18.03,21.6,15.3,18.99
2018,-1.67,-7.04,-4.75,-2.72
2019,6.91,8.4,6.4,14.8
2020,15.16,35.91,24.95,15.62
2021,9.95,12.26,8.59,13.22
2022,0.0,-1.85,-0.96,-1.16
2023,2.96,13.54,11.03,2.69
2024,12.05,11.47,9.54,17.31
2025,29.89,44.72,32.09,30.89
2026,15.79,-3.65,-1.62,3.09
