구간,방식,CAGR,vol,Sharpe,MDD,평균현금
전체,hold_cash,7.39,8.25,0.91,-12.68,49.54
전체,redeploy,8.55,11.37,0.78,-26.91,27.59
전체,redeploy_vm,6.49,8.25,0.8,-19.92,47.47
전체,raw,9.49,13.83,0.72,-25.13,23.02
~2025말(규칙변경 전 표본),hold_cash,7.0,7.86,0.9,-12.68,49.79
~2025말(규칙변경 전 표본),redeploy,8.98,10.66,0.86,-18.13,28.03
~2025말(규칙변경 전 표본),redeploy_vm,6.76,7.73,0.89,-13.53,47.79
~2025말(규칙변경 전 표본),raw,9.66,13.63,0.74,-25.13,22.99
2001-2012,hold_cash,7.13,8.75,0.83,-12.68,58.86
2001-2012,redeploy,7.72,10.86,0.74,-18.13,47.04
2001-2012,redeploy_vm,5.88,7.88,0.76,-13.53,61.58
2001-2012,raw,11.86,16.82,0.75,-25.13,32.54
2013-2025,hold_cash,6.89,6.96,0.99,-8.59,41.7
2013-2025,redeploy,10.12,10.47,0.97,-16.6,11.06
2013-2025,redeploy_vm,7.56,7.59,1.0,-12.53,35.48
2013-2025,raw,7.73,9.95,0.8,-14.72,14.47
2026 YTD,hold_cash,21.34,16.71,1.24,-9.06,41.13
2026 YTD,redeploy,-4.78,25.67,-0.06,-26.91,12.98
2026 YTD,redeploy_vm,-2.13,18.62,-0.02,-19.92,36.88
2026 YTD,raw,4.1,19.5,0.3,-17.02,24.09
